{
  "GET Kopeeri teenus/toode 50" : {
    "transaction" : "GET Kopeeri teenus/toode 50",
    "sampleCount" : 248,
    "errorCount" : 248,
    "errorPct" : 100.0,
    "meanResTime" : 1513.383064516129,
    "medianResTime" : 1129.5,
    "minResTime" : 209.0,
    "maxResTime" : 4591.0,
    "pct1ResTime" : 2978.4,
    "pct2ResTime" : 3427.0999999999995,
    "pct3ResTime" : 4368.119999999997,
    "throughput" : 4.048979591836734,
    "receivedKBytesPerSec" : 3.748469387755102,
    "sentKBytesPerSec" : 3.2621173469387754
  },
  "POST Lae tooted/teenused 150" : {
    "transaction" : "POST Lae tooted/teenused 150",
    "sampleCount" : 32,
    "errorCount" : 0,
    "errorPct" : 0.0,
    "meanResTime" : 9065.4375,
    "medianResTime" : 8675.0,
    "minResTime" : 4671.0,
    "maxResTime" : 12917.0,
    "pct1ResTime" : 12527.2,
    "pct2ResTime" : 12756.449999999999,
    "pct3ResTime" : 12917.0,
    "throughput" : 2.360230122436938,
    "receivedKBytesPerSec" : 559.1270490669715,
    "sentKBytesPerSec" : 2.565367310812804
  },
  "POST Kommenteeri teenust/toodet 50" : {
    "transaction" : "POST Kommenteeri teenust/toodet 50",
    "sampleCount" : 238,
    "errorCount" : 238,
    "errorPct" : 100.0,
    "meanResTime" : 1251.5630252100839,
    "medianResTime" : 903.5,
    "minResTime" : 257.0,
    "maxResTime" : 4996.0,
    "pct1ResTime" : 2343.3999999999996,
    "pct2ResTime" : 3092.2999999999993,
    "pct3ResTime" : 4246.98,
    "throughput" : 3.921697864487214,
    "receivedKBytesPerSec" : 3.630634351107303,
    "sentKBytesPerSec" : 156.6802552090199
  },
  "GET Lae Ostukorv 200" : {
    "transaction" : "GET Lae Ostukorv 200",
    "sampleCount" : 200,
    "errorCount" : 54,
    "errorPct" : 27.0,
    "meanResTime" : 31552.12000000002,
    "medianResTime" : 35112.5,
    "minResTime" : 4475.0,
    "maxResTime" : 50570.0,
    "pct1ResTime" : 46417.0,
    "pct2ResTime" : 46730.75,
    "pct3ResTime" : 50530.0,
    "throughput" : 3.952022447487501,
    "receivedKBytesPerSec" : 762.0013736365522,
    "sentKBytesPerSec" : 3.1145333155492323
  },
  "GET Lae Ostukorv 100" : {
    "transaction" : "GET Lae Ostukorv 100",
    "sampleCount" : 171,
    "errorCount" : 0,
    "errorPct" : 0.0,
    "meanResTime" : 15165.333333333328,
    "medianResTime" : 15186.0,
    "minResTime" : 3861.0,
    "maxResTime" : 25379.0,
    "pct1ResTime" : 22806.4,
    "pct2ResTime" : 24970.0,
    "pct3ResTime" : 25276.04,
    "throughput" : 2.233017315678132,
    "receivedKBytesPerSec" : 461.05192836470655,
    "sentKBytesPerSec" : 1.7598095446799342
  },
  "POST Eemalda teenust/toodet 200" : {
    "transaction" : "POST Eemalda teenust/toodet 200",
    "sampleCount" : 196,
    "errorCount" : 3,
    "errorPct" : 1.5306122,
    "meanResTime" : 6738.30612244898,
    "medianResTime" : 2427.0,
    "minResTime" : 1029.0,
    "maxResTime" : 37920.0,
    "pct1ResTime" : 20710.80000000002,
    "pct2ResTime" : 25153.6,
    "pct3ResTime" : 36692.950000000004,
    "throughput" : 3.2064915093413604,
    "receivedKBytesPerSec" : 3.0691758877155384,
    "sentKBytesPerSec" : 2.633456405621176
  },
  "POST Eemalda teenust/toodet 100" : {
    "transaction" : "POST Eemalda teenust/toodet 100",
    "sampleCount" : 103,
    "errorCount" : 0,
    "errorPct" : 0.0,
    "meanResTime" : 3233.9320388349515,
    "medianResTime" : 1548.0,
    "minResTime" : 627.0,
    "maxResTime" : 21116.0,
    "pct1ResTime" : 11777.600000000008,
    "pct2ResTime" : 14811.4,
    "pct3ResTime" : 20927.35999999997,
    "throughput" : 1.7219473050688778,
    "receivedKBytesPerSec" : 1.6496389709693058,
    "sentKBytesPerSec" : 1.4142164878544201
  },
  "POST Kommenteeri teenust/toodet 150" : {
    "transaction" : "POST Kommenteeri teenust/toodet 150",
    "sampleCount" : 122,
    "errorCount" : 122,
    "errorPct" : 100.0,
    "meanResTime" : 4847.622950819672,
    "medianResTime" : 5869.0,
    "minResTime" : 707.0,
    "maxResTime" : 10149.0,
    "pct1ResTime" : 6448.6,
    "pct2ResTime" : 7012.5499999999965,
    "pct3ResTime" : 10029.169999999998,
    "throughput" : 10.888968225633702,
    "receivedKBytesPerSec" : 10.08080261513745,
    "sentKBytesPerSec" : 435.03767488173867
  },
  "POST Eemalda teenust/toodet 50" : {
    "transaction" : "POST Eemalda teenust/toodet 50",
    "sampleCount" : 243,
    "errorCount" : 0,
    "errorPct" : 0.0,
    "meanResTime" : 1586.444444444445,
    "medianResTime" : 1056.0,
    "minResTime" : 221.0,
    "maxResTime" : 7537.0,
    "pct1ResTime" : 3274.199999999999,
    "pct2ResTime" : 4036.7999999999984,
    "pct3ResTime" : 6382.000000000003,
    "throughput" : 3.985893545476913,
    "receivedKBytesPerSec" : 3.8185171563602065,
    "sentKBytesPerSec" : 3.273570773189535
  },
  "GET Kopeeri teenus/toode 200" : {
    "transaction" : "GET Kopeeri teenus/toode 200",
    "sampleCount" : 200,
    "errorCount" : 200,
    "errorPct" : 100.0,
    "meanResTime" : 15152.875,
    "medianResTime" : 13253.5,
    "minResTime" : 629.0,
    "maxResTime" : 42374.0,
    "pct1ResTime" : 34635.4,
    "pct2ResTime" : 38549.75,
    "pct3ResTime" : 42271.18,
    "throughput" : 2.4774551580616393,
    "receivedKBytesPerSec" : 2.285113668739471,
    "sentKBytesPerSec" : 1.9959965873055199
  },
  "GET Kopeeri teenus/toode 100" : {
    "transaction" : "GET Kopeeri teenus/toode 100",
    "sampleCount" : 121,
    "errorCount" : 121,
    "errorPct" : 100.0,
    "meanResTime" : 10118.37190082644,
    "medianResTime" : 10161.0,
    "minResTime" : 1117.0,
    "maxResTime" : 20941.0,
    "pct1ResTime" : 17043.6,
    "pct2ResTime" : 18971.2,
    "pct3ResTime" : 20936.82,
    "throughput" : 1.7216601926551984,
    "receivedKBytesPerSec" : 1.5938807252315703,
    "sentKBytesPerSec" : 1.3870797450591197
  },
  "POST Lisa toode ostukorvi 100" : {
    "transaction" : "POST Lisa toode ostukorvi 100",
    "sampleCount" : 96,
    "errorCount" : 0,
    "errorPct" : 0.0,
    "meanResTime" : 11856.718749999998,
    "medianResTime" : 11887.5,
    "minResTime" : 2843.0,
    "maxResTime" : 23955.0,
    "pct1ResTime" : 18707.0,
    "pct2ResTime" : 21601.849999999988,
    "pct3ResTime" : 23955.0,
    "throughput" : 2.1321961620469083,
    "receivedKBytesPerSec" : 2.042660581023454,
    "sentKBytesPerSec" : 2.144689498933902
  },
  "POST Lisa toode ostukorvi 200" : {
    "transaction" : "POST Lisa toode ostukorvi 200",
    "sampleCount" : 20,
    "errorCount" : 4,
    "errorPct" : 20.0,
    "meanResTime" : 25690.100000000002,
    "medianResTime" : 27349.0,
    "minResTime" : 16196.0,
    "maxResTime" : 33353.0,
    "pct1ResTime" : 33109.6,
    "pct2ResTime" : 33341.25,
    "pct3ResTime" : 33353.0,
    "throughput" : 0.5961962678113635,
    "receivedKBytesPerSec" : 0.5590504456567102,
    "sentKBytesPerSec" : 0.5996896053180707
  },
  "GET Lae Ostukorv 50" : {
    "transaction" : "GET Lae Ostukorv 50",
    "sampleCount" : 260,
    "errorCount" : 0,
    "errorPct" : 0.0,
    "meanResTime" : 2604.3307692307694,
    "medianResTime" : 2286.5,
    "minResTime" : 425.0,
    "maxResTime" : 8680.0,
    "pct1ResTime" : 4505.3,
    "pct2ResTime" : 5175.499999999999,
    "pct3ResTime" : 6714.779999999989,
    "throughput" : 4.088757489502901,
    "receivedKBytesPerSec" : 321.9723291371149,
    "sentKBytesPerSec" : 3.2222922793250404
  },
  "POST Lae tooted/teenused 100" : {
    "transaction" : "POST Lae tooted/teenused 100",
    "sampleCount" : 100,
    "errorCount" : 0,
    "errorPct" : 0.0,
    "meanResTime" : 12161.17,
    "medianResTime" : 11669.5,
    "minResTime" : 3563.0,
    "maxResTime" : 34397.0,
    "pct1ResTime" : 19716.800000000007,
    "pct2ResTime" : 22750.29999999999,
    "pct3ResTime" : 34296.55999999995,
    "throughput" : 2.1836445026749645,
    "receivedKBytesPerSec" : 368.9254379230811,
    "sentKBytesPerSec" : 2.3734339174582377
  },
  "POST Lae tooted/teenused 200" : {
    "transaction" : "POST Lae tooted/teenused 200",
    "sampleCount" : 139,
    "errorCount" : 24,
    "errorPct" : 17.266188,
    "meanResTime" : 23659.129496402886,